{
	"format_version": "1.8.0",
	"animations": {
		"fly": {
			"loop": true,
			"animation_length": 0.5,
			"bones": {
				"bone": {
					"rotation": {
						"vector": [12.5, 0, 0]
					}
				},
				"body": {
					"rotation": {
						"0.0": {
							"vector": [5, 0, 0]
						},
						"0.25": {
							"vector": [0, 0, 0]
						},
						"0.5": {
							"vector": [5, 0, 0]
						}
					},
					"position": {
						"0.0": {
							"vector": [0, 0, 0]
						},
						"0.25": {
							"vector": [0, 0.2, 0]
						},
						"0.5": {
							"vector": [0, 0, 0]
						}
					}
				},
				"tail": {
					"rotation": {
						"0.0": {
							"vector": [-12.5, 0, 0]
						},
						"0.25": {
							"vector": [-27.5, 0, 0]
						},
						"0.5": {
							"vector": [-12.5, 0, 0]
						}
					},
					"position": {
						"0.0": {
							"vector": [0, 0, 0]
						},
						"0.5": {
							"vector": [0, 0, 0]
						}
					}
				},
				"neck": {
					"rotation": {
						"0.0": {
							"vector": [-10, 0, 0]
						},
						"0.25": {
							"vector": [-2.5, 0, 0]
						},
						"0.5": {
							"vector": [-10, 0, 0]
						}
					}
				},
				"head": {
					"rotation": {
						"0.0": {
							"vector": [0, 0, 0]
						},
						"0.25": {
							"vector": [5, 0, 0]
						},
						"0.5": {
							"vector": [0, 0, 0]
						}
					},
					"position": {
						"0.0": {
							"vector": [0, 0, 0]
						},
						"0.5": {
							"vector": [0, 0, 0]
						}
					}
				},
				"rightwing": {
					"rotation": {
						"0.0": {
							"vector": [-41.10402, 22.30991, 115.76964]
						},
						"0.25": {
							"vector": [-81.46735, 12.855, 43.1026]
						},
						"0.5": {
							"vector": [-41.10402, 22.30991, 115.76964]
						}
					}
				},
				"wing3": {
					"rotation": {
						"0.0": {
							"vector": [-55, 0, 0]
						},
						"0.0833": {
							"vector": [-55.29472, -0.9568, 1.3431]
						},
						"0.25": {
							"vector": [-56.26501, 9.93191, -14.48174]
						},
						"0.3333": {
							"vector": [-56.93277, 21.15097, -18.22936]
						},
						"0.5": {
							"vector": [-55, 0, 0]
						}
					}
				},
				"legs": {
					"rotation": {
						"0.0": {
							"vector": [27.5, 0, 0]
						},
						"0.5": {
							"vector": [27.5, 0, 0]
						}
					}
				},
				"leftwing": {
					"rotation": {
						"0.0": {
							"vector": [-41.10402, -22.3099, -115.7696]
						},
						"0.25": {
							"vector": [-81.46735, -12.85498, -43.10258]
						},
						"0.5": {
							"vector": [-41.10402, -22.3099, -115.7696]
						}
					}
				},
				"wing2": {
					"rotation": {
						"0.0": {
							"vector": [-55, 0, 0]
						},
						"0.0833": {
							"vector": [-55.29472, 0.95682, -1.34306]
						},
						"0.25": {
							"vector": [-56.26501, -9.9319, 14.4817]
						},
						"0.3333": {
							"vector": [-56.93277, -21.151, 18.2294]
						},
						"0.5": {
							"vector": [-55, 0, 0]
						}
					}
				}
			}
		},
		"idle": {
			"loop": true,
			"animation_length": 1.5,
			"bones": {
				"body": {
					"rotation": {
						"0.0": {
							"vector": [0, 0, 0]
						},
						"1.5": {
							"vector": [0, 0, 0]
						}
					},
					"position": {
						"0.0": {
							"vector": [0, 0, 0]
						},
						"0.75": {
							"vector": [0, 0.1, 0]
						},
						"1.5": {
							"vector": [0, 0, 0]
						}
					}
				},
				"neck": {
					"rotation": {
						"0.0": {
							"vector": [0, 0, 0]
						},
						"0.75": {
							"vector": [2.5, 0, 0]
						},
						"1.5": {
							"vector": [0, 0, 0]
						}
					}
				},
				"head": {
					"rotation": {
						"0.0": {
							"vector": [0, 0, 0]
						},
						"0.75": {
							"vector": [2.5, 0, 0]
						},
						"1.5": {
							"vector": [0, 0, 0]
						}
					},
					"position": {
						"0.0": {
							"vector": [0, 0, 0]
						},
						"1.5": {
							"vector": [0, 0, 0]
						}
					}
				},
				"tail": {
					"rotation": {
						"0.0": {
							"vector": [0, 0, 0]
						},
						"0.75": {
							"vector": [-5, 0, 0]
						},
						"1.5": {
							"vector": [0, 0, 0]
						}
					},
					"position": {
						"0.0": {
							"vector": [0, 0, 0]
						},
						"1.5": {
							"vector": [0, 0, 0]
						}
					}
				},
				"leftleg": {
					"rotation": {
						"0.0": {
							"vector": [0, 0, 0]
						},
						"1.5": {
							"vector": [0, 0, 0]
						}
					},
					"position": {
						"0.0": {
							"vector": [0, 0, 0]
						},
						"0.75": {
							"vector": [0, -0.1, 0]
						},
						"1.5": {
							"vector": [0, 0, 0]
						}
					}
				},
				"rightleg": {
					"rotation": {
						"0.0": {
							"vector": [0, 0, 0]
						},
						"1.5": {
							"vector": [0, 0, 0]
						}
					},
					"position": {
						"0.0": {
							"vector": [0, 0, 0]
						},
						"0.75": {
							"vector": [0, -0.1, 0]
						},
						"1.5": {
							"vector": [0, 0, 0]
						}
					}
				}
			}
		},
		"sit": {
			"loop": true,
			"animation_length": 1.5,
			"bones": {
				"body": {
					"rotation": {
						"0.0": {
							"vector": [0, 0, 0]
						},
						"1.5": {
							"vector": [0, 0, 0]
						}
					},
					"position": {
						"0.0": {
							"vector": [0, -2, 0]
						},
						"0.75": {
							"vector": [0, -1.6, 0]
						},
						"1.5": {
							"vector": [0, -2, 0]
						}
					}
				},
				"neck": {
					"rotation": {
						"0.0": {
							"vector": [0, 0, 0]
						},
						"0.75": {
							"vector": [2.5, 0, 0]
						},
						"1.5": {
							"vector": [0, 0, 0]
						}
					}
				},
				"head": {
					"rotation": {
						"0.0": {
							"vector": [0, 0, 0]
						},
						"0.75": {
							"vector": [2.5, 0, 0]
						},
						"1.5": {
							"vector": [0, 0, 0]
						}
					},
					"position": {
						"0.0": {
							"vector": [0, 0, 0]
						},
						"1.5": {
							"vector": [0, 0, 0]
						}
					}
				},
				"tail": {
					"rotation": {
						"0.0": {
							"vector": [0, 0, 0]
						},
						"0.75": {
							"vector": [-5, 0, 0]
						},
						"1.5": {
							"vector": [0, 0, 0]
						}
					},
					"position": {
						"0.0": {
							"vector": [0, 0, 0]
						},
						"1.5": {
							"vector": [0, 0, 0]
						}
					}
				},
				"leftleg": {
					"rotation": {
						"0.0": {
							"vector": [0, 0, 0]
						},
						"1.5": {
							"vector": [0, 0, 0]
						}
					},
					"position": {
						"0.0": {
							"vector": [0, 0, 0]
						},
						"0.75": {
							"vector": [0, -0.1, 0]
						},
						"1.5": {
							"vector": [0, 0, 0]
						}
					}
				},
				"rightleg": {
					"rotation": {
						"0.0": {
							"vector": [0, 0, 0]
						},
						"1.5": {
							"vector": [0, 0, 0]
						}
					},
					"position": {
						"0.0": {
							"vector": [0, 0, 0]
						},
						"0.75": {
							"vector": [0, -0.1, 0]
						},
						"1.5": {
							"vector": [0, 0, 0]
						}
					}
				},
				"legs": {
					"position": {
						"0.0": {
							"vector": [0, 2, 0]
						},
						"0.75": {
							"vector": [0, 1.7, 0]
						},
						"1.5": {
							"vector": [0, 2, 0]
						}
					}
				}
			}
		}
	},
	"geckolib_format_version": 2
}